,ts
0,2024-11-01 00:00:00
1,2024-11-01 01:00:00
2,2024-11-01 02:00:00
3,2024-11-01 03:00:00
4,2024-11-01 04:00:00
5,2024-11-01 05:00:00
6,2024-11-01 06:00:00
7,2024-11-01 07:00:00
8,2024-11-01 08:00:00
9,2024-11-01 09:00:00
10,2024-11-01 10:00:00
11,2024-11-01 11:00:00
12,2024-11-01 12:00:00
13,2024-11-01 13:00:00
14,2024-11-01 14:00:00
15,2024-11-01 15:00:00
16,2024-11-01 16:00:00
17,2024-11-01 17:00:00
18,2024-11-01 18:00:00
19,2024-11-01 19:00:00
20,2024-11-01 20:00:00
21,2024-11-01 21:00:00
22,2024-11-01 22:00:00
23,2024-11-01 23:00:00
24,2024-11-02 00:00:00
25,2024-11-02 01:00:00
26,2024-11-02 02:00:00
27,2024-11-02 03:00:00
28,2024-11-02 04:00:00
29,2024-11-02 05:00:00
30,2024-11-02 06:00:00
31,2024-11-02 07:00:00
32,2024-11-02 08:00:00
33,2024-11-02 09:00:00
34,2024-11-02 10:00:00
35,2024-11-02 11:00:00
36,2024-11-02 12:00:00
37,2024-11-02 13:00:00
38,2024-11-02 14:00:00
39,2024-11-02 15:00:00
40,2024-11-02 16:00:00
41,2024-11-02 17:00:00
42,2024-11-02 18:00:00
43,2024-11-02 19:00:00
44,2024-11-02 20:00:00
45,2024-11-02 21:00:00
46,2024-11-02 22:00:00
47,2024-11-02 23:00:00
48,2024-11-03 00:00:00
49,2024-11-03 01:00:00
50,2024-11-03 02:00:00
51,2024-11-03 03:00:00
52,2024-11-03 04:00:00
53,2024-11-03 05:00:00
54,2024-11-03 06:00:00
55,2024-11-03 07:00:00
56,2024-11-03 08:00:00
57,2024-11-03 09:00:00
58,2024-11-03 10:00:00
59,2024-11-03 11:00:00
60,2024-11-03 12:00:00
61,2024-11-03 13:00:00
62,2024-11-03 14:00:00
63,2024-11-03 15:00:00
64,2024-11-03 16:00:00
65,2024-11-03 17:00:00
66,2024-11-03 18:00:00
67,2024-11-03 19:00:00
68,2024-11-03 20:00:00
69,2024-11-03 21:00:00
70,2024-11-03 22:00:00
71,2024-11-03 23:00:00
72,2024-11-04 00:00:00
73,2024-11-04 01:00:00
74,2024-11-04 02:00:00
75,2024-11-04 03:00:00
76,2024-11-04 04:00:00
77,2024-11-04 05:00:00
78,2024-11-04 06:00:00
79,2024-11-04 07:00:00
80,2024-11-04 08:00:00
81,2024-11-04 09:00:00
82,2024-11-04 10:00:00
83,2024-11-04 11:00:00
84,2024-11-04 12:00:00
85,2024-11-04 13:00:00
86,2024-11-04 14:00:00
87,2024-11-04 15:00:00
88,2024-11-04 16:00:00
89,2024-11-04 17:00:00
90,2024-11-04 18:00:00
91,2024-11-04 19:00:00
92,2024-11-04 20:00:00
93,2024-11-04 21:00:00
94,2024-11-04 22:00:00
95,2024-11-04 23:00:00
96,2024-11-05 00:00:00
97,2024-11-05 01:00:00
98,2024-11-05 02:00:00
99,2024-11-05 03:00:00
100,2024-11-05 04:00:00
101,2024-11-05 05:00:00
102,2024-11-05 06:00:00
103,2024-11-05 07:00:00
104,2024-11-05 08:00:00
105,2024-11-05 09:00:00
106,2024-11-05 10:00:00
107,2024-11-05 11:00:00
108,2024-11-05 12:00:00
109,2024-11-05 13:00:00
110,2024-11-05 14:00:00
111,2024-11-05 15:00:00
112,2024-11-05 16:00:00
113,2024-11-05 17:00:00
114,2024-11-05 18:00:00
115,2024-11-05 19:00:00
116,2024-11-05 20:00:00
117,2024-11-05 21:00:00
118,2024-11-05 22:00:00
119,2024-11-05 23:00:00
120,2024-11-06 00:00:00
121,2024-11-06 01:00:00
122,2024-11-06 02:00:00
123,2024-11-06 03:00:00
124,2024-11-06 04:00:00
125,2024-11-06 05:00:00
126,2024-11-06 06:00:00
127,2024-11-06 07:00:00
128,2024-11-06 08:00:00
129,2024-11-06 09:00:00
130,2024-11-06 10:00:00
131,2024-11-06 11:00:00
132,2024-11-06 12:00:00
133,2024-11-06 13:00:00
134,2024-11-06 14:00:00
135,2024-11-06 15:00:00
136,2024-11-06 16:00:00
137,2024-11-06 17:00:00
138,2024-11-06 18:00:00
139,2024-11-06 19:00:00
140,2024-11-06 20:00:00
141,2024-11-06 21:00:00
142,2024-11-06 22:00:00
143,2024-11-06 23:00:00
144,2024-11-07 00:00:00
145,2024-11-07 01:00:00
146,2024-11-07 02:00:00
147,2024-11-07 03:00:00
148,2024-11-07 04:00:00
149,2024-11-07 05:00:00
150,2024-11-07 06:00:00
151,2024-11-07 07:00:00
152,2024-11-07 08:00:00
153,2024-11-07 09:00:00
154,2024-11-07 10:00:00
155,2024-11-07 11:00:00
156,2024-11-07 12:00:00
157,2024-11-07 13:00:00
158,2024-11-07 14:00:00
159,2024-11-07 15:00:00
160,2024-11-07 16:00:00
161,2024-11-07 17:00:00
162,2024-11-07 18:00:00
163,2024-11-07 19:00:00
164,2024-11-07 20:00:00
165,2024-11-07 21:00:00
166,2024-11-07 22:00:00
167,2024-11-07 23:00:00
168,2024-11-08 00:00:00
169,2024-11-08 01:00:00
170,2024-11-08 02:00:00
171,2024-11-08 03:00:00
172,2024-11-08 04:00:00
173,2024-11-08 05:00:00
174,2024-11-08 06:00:00
175,2024-11-08 07:00:00
176,2024-11-08 08:00:00
177,2024-11-08 09:00:00
178,2024-11-08 10:00:00
179,2024-11-08 11:00:00
180,2024-11-08 12:00:00
181,2024-11-08 13:00:00
182,2024-11-08 14:00:00
183,2024-11-08 15:00:00
184,2024-11-08 16:00:00
185,2024-11-08 17:00:00
186,2024-11-08 18:00:00
187,2024-11-08 19:00:00
188,2024-11-08 20:00:00
189,2024-11-08 21:00:00
190,2024-11-08 22:00:00
191,2024-11-08 23:00:00
192,2024-11-09 00:00:00
193,2024-11-09 01:00:00
194,2024-11-09 02:00:00
195,2024-11-09 03:00:00
196,2024-11-09 04:00:00
197,2024-11-09 05:00:00
198,2024-11-09 06:00:00
199,2024-11-09 07:00:00
200,2024-11-09 08:00:00
201,2024-11-09 09:00:00
202,2024-11-09 10:00:00
203,2024-11-09 11:00:00
204,2024-11-09 12:00:00
205,2024-11-09 13:00:00
206,2024-11-09 14:00:00
207,2024-11-09 15:00:00
208,2024-11-09 16:00:00
209,2024-11-09 17:00:00
210,2024-11-09 18:00:00
211,2024-11-09 19:00:00
212,2024-11-09 20:00:00
213,2024-11-09 21:00:00
214,2024-11-09 22:00:00
215,2024-11-09 23:00:00
216,2024-11-10 00:00:00
217,2024-11-10 01:00:00
218,2024-11-10 02:00:00
219,2024-11-10 03:00:00
220,2024-11-10 04:00:00
221,2024-11-10 05:00:00
222,2024-11-10 06:00:00
223,2024-11-10 07:00:00
224,2024-11-10 08:00:00
225,2024-11-10 09:00:00
226,2024-11-10 10:00:00
227,2024-11-10 11:00:00
228,2024-11-10 12:00:00
229,2024-11-10 13:00:00
230,2024-11-10 14:00:00
231,2024-11-10 15:00:00
232,2024-11-10 16:00:00
233,2024-11-10 17:00:00
234,2024-11-10 18:00:00
235,2024-11-10 19:00:00
236,2024-11-10 20:00:00
237,2024-11-10 21:00:00
238,2024-11-10 22:00:00
239,2024-11-10 23:00:00
240,2024-11-11 00:00:00
241,2024-11-11 01:00:00
242,2024-11-11 02:00:00
243,2024-11-11 03:00:00
244,2024-11-11 04:00:00
245,2024-11-11 05:00:00
246,2024-11-11 06:00:00
247,2024-11-11 07:00:00
248,2024-11-11 08:00:00
249,2024-11-11 09:00:00
250,2024-11-11 10:00:00
251,2024-11-11 11:00:00
252,2024-11-11 12:00:00
253,2024-11-11 13:00:00
254,2024-11-11 14:00:00
255,2024-11-11 15:00:00
256,2024-11-11 16:00:00
257,2024-11-11 17:00:00
258,2024-11-11 18:00:00
259,2024-11-11 19:00:00
260,2024-11-11 20:00:00
261,2024-11-11 21:00:00
262,2024-11-11 22:00:00
263,2024-11-11 23:00:00
264,2024-11-12 00:00:00
265,2024-11-12 01:00:00
266,2024-11-12 02:00:00
267,2024-11-12 03:00:00
268,2024-11-12 04:00:00
269,2024-11-12 05:00:00
270,2024-11-12 06:00:00
271,2024-11-12 07:00:00
272,2024-11-12 08:00:00
273,2024-11-12 09:00:00
274,2024-11-12 10:00:00
275,2024-11-12 11:00:00
276,2024-11-12 12:00:00
277,2024-11-12 13:00:00
278,2024-11-12 14:00:00
279,2024-11-12 15:00:00
280,2024-11-12 16:00:00
281,2024-11-12 17:00:00
282,2024-11-12 18:00:00
283,2024-11-12 19:00:00
284,2024-11-12 20:00:00
285,2024-11-12 21:00:00
286,2024-11-12 22:00:00
287,2024-11-12 23:00:00
288,2024-11-13 00:00:00
289,2024-11-13 01:00:00
290,2024-11-13 02:00:00
291,2024-11-13 03:00:00
292,2024-11-13 04:00:00
293,2024-11-13 05:00:00
294,2024-11-13 06:00:00
295,2024-11-13 07:00:00
296,2024-11-13 08:00:00
297,2024-11-13 09:00:00
298,2024-11-13 10:00:00
299,2024-11-13 11:00:00
300,2024-11-13 12:00:00
301,2024-11-13 13:00:00
302,2024-11-13 14:00:00
303,2024-11-13 15:00:00
304,2024-11-13 16:00:00
305,2024-11-13 17:00:00
306,2024-11-13 18:00:00
307,2024-11-13 19:00:00
308,2024-11-13 20:00:00
309,2024-11-13 21:00:00
310,2024-11-13 22:00:00
311,2024-11-13 23:00:00
312,2024-11-14 00:00:00
313,2024-11-14 01:00:00
314,2024-11-14 02:00:00
315,2024-11-14 03:00:00
316,2024-11-14 04:00:00
317,2024-11-14 05:00:00
318,2024-11-14 06:00:00
319,2024-11-14 07:00:00
320,2024-11-14 08:00:00
321,2024-11-14 09:00:00
322,2024-11-14 10:00:00
323,2024-11-14 11:00:00
324,2024-11-14 12:00:00
325,2024-11-14 13:00:00
326,2024-11-14 14:00:00
327,2024-11-14 15:00:00
328,2024-11-14 16:00:00
329,2024-11-14 17:00:00
330,2024-11-14 18:00:00
331,2024-11-14 19:00:00
332,2024-11-14 20:00:00
333,2024-11-14 21:00:00
334,2024-11-14 22:00:00
335,2024-11-14 23:00:00
336,2024-11-15 00:00:00
337,2024-11-15 01:00:00
338,2024-11-15 02:00:00
339,2024-11-15 03:00:00
340,2024-11-15 04:00:00
341,2024-11-15 05:00:00
342,2024-11-15 06:00:00
343,2024-11-15 07:00:00
344,2024-11-15 08:00:00
345,2024-11-15 09:00:00
346,2024-11-15 10:00:00
347,2024-11-15 11:00:00
348,2024-11-15 12:00:00
349,2024-11-15 13:00:00
350,2024-11-15 14:00:00
351,2024-11-15 15:00:00
352,2024-11-15 16:00:00
353,2024-11-15 17:00:00
354,2024-11-15 18:00:00
355,2024-11-15 19:00:00
356,2024-11-15 20:00:00
357,2024-11-15 21:00:00
358,2024-11-15 22:00:00
359,2024-11-15 23:00:00
360,2024-11-16 00:00:00
361,2024-11-16 01:00:00
362,2024-11-16 02:00:00
363,2024-11-16 03:00:00
364,2024-11-16 04:00:00
365,2024-11-16 05:00:00
366,2024-11-16 06:00:00
367,2024-11-16 07:00:00
368,2024-11-16 08:00:00
369,2024-11-16 09:00:00
370,2024-11-16 10:00:00
371,2024-11-16 11:00:00
372,2024-11-16 12:00:00
373,2024-11-16 13:00:00
374,2024-11-16 14:00:00
375,2024-11-16 15:00:00
376,2024-11-16 16:00:00
377,2024-11-16 17:00:00
378,2024-11-16 18:00:00
379,2024-11-16 19:00:00
380,2024-11-16 20:00:00
381,2024-11-16 21:00:00
382,2024-11-16 22:00:00
383,2024-11-16 23:00:00
384,2024-11-17 00:00:00
385,2024-11-17 01:00:00
386,2024-11-17 02:00:00
387,2024-11-17 03:00:00
388,2024-11-17 04:00:00
389,2024-11-17 05:00:00
390,2024-11-17 06:00:00
391,2024-11-17 07:00:00
392,2024-11-17 08:00:00
393,2024-11-17 09:00:00
394,2024-11-17 10:00:00
395,2024-11-17 11:00:00
396,2024-11-17 12:00:00
397,2024-11-17 13:00:00
398,2024-11-17 14:00:00
399,2024-11-17 15:00:00
400,2024-11-17 16:00:00
401,2024-11-17 17:00:00
402,2024-11-17 18:00:00
403,2024-11-17 19:00:00
404,2024-11-17 20:00:00
405,2024-11-17 21:00:00
406,2024-11-17 22:00:00
407,2024-11-17 23:00:00
408,2024-11-18 00:00:00
409,2024-11-18 01:00:00
410,2024-11-18 02:00:00
411,2024-11-18 03:00:00
412,2024-11-18 04:00:00
413,2024-11-18 05:00:00
414,2024-11-18 06:00:00
415,2024-11-18 07:00:00
416,2024-11-18 08:00:00
417,2024-11-18 09:00:00
418,2024-11-18 10:00:00
419,2024-11-18 11:00:00
420,2024-11-18 12:00:00
421,2024-11-18 13:00:00
422,2024-11-18 14:00:00
423,2024-11-18 15:00:00
424,2024-11-18 16:00:00
425,2024-11-18 17:00:00
426,2024-11-18 18:00:00
427,2024-11-18 19:00:00
428,2024-11-18 20:00:00
429,2024-11-18 21:00:00
430,2024-11-18 22:00:00
431,2024-11-18 23:00:00
432,2024-11-19 00:00:00
433,2024-11-19 01:00:00
434,2024-11-19 02:00:00
435,2024-11-19 03:00:00
436,2024-11-19 04:00:00
437,2024-11-19 05:00:00
438,2024-11-19 06:00:00
439,2024-11-19 07:00:00
440,2024-11-19 08:00:00
441,2024-11-19 09:00:00
442,2024-11-19 10:00:00
443,2024-11-19 11:00:00
444,2024-11-19 12:00:00
445,2024-11-19 13:00:00
446,2024-11-19 14:00:00
447,2024-11-19 15:00:00
448,2024-11-19 16:00:00
449,2024-11-19 17:00:00
450,2024-11-19 18:00:00
451,2024-11-19 19:00:00
452,2024-11-19 20:00:00
453,2024-11-19 21:00:00
454,2024-11-19 22:00:00
455,2024-11-19 23:00:00
456,2024-11-20 00:00:00
457,2024-11-20 01:00:00
458,2024-11-20 02:00:00
459,2024-11-20 03:00:00
460,2024-11-20 04:00:00
461,2024-11-20 05:00:00
462,2024-11-20 06:00:00
463,2024-11-20 07:00:00
464,2024-11-20 08:00:00
465,2024-11-20 09:00:00
466,2024-11-20 10:00:00
467,2024-11-20 11:00:00
468,2024-11-20 12:00:00
469,2024-11-20 13:00:00
470,2024-11-20 14:00:00
471,2024-11-20 15:00:00
472,2024-11-20 16:00:00
473,2024-11-20 17:00:00
474,2024-11-20 18:00:00
475,2024-11-20 19:00:00
476,2024-11-20 20:00:00
477,2024-11-20 21:00:00
478,2024-11-20 22:00:00
479,2024-11-20 23:00:00
480,2024-11-21 00:00:00
481,2024-11-21 01:00:00
482,2024-11-21 02:00:00
483,2024-11-21 03:00:00
484,2024-11-21 04:00:00
485,2024-11-21 05:00:00
486,2024-11-21 06:00:00
487,2024-11-21 07:00:00
488,2024-11-21 08:00:00
489,2024-11-21 09:00:00
490,2024-11-21 10:00:00
491,2024-11-21 11:00:00
492,2024-11-21 12:00:00
493,2024-11-21 13:00:00
494,2024-11-21 14:00:00
495,2024-11-21 15:00:00
496,2024-11-21 16:00:00
497,2024-11-21 17:00:00
498,2024-11-21 18:00:00
499,2024-11-21 19:00:00
500,2024-11-21 20:00:00
501,2024-11-21 21:00:00
502,2024-11-21 22:00:00
503,2024-11-21 23:00:00
504,2024-11-22 00:00:00
505,2024-11-22 01:00:00
506,2024-11-22 02:00:00
507,2024-11-22 03:00:00
508,2024-11-22 04:00:00
509,2024-11-22 05:00:00
510,2024-11-22 06:00:00
511,2024-11-22 07:00:00
512,2024-11-22 08:00:00
513,2024-11-22 09:00:00
514,2024-11-22 10:00:00
515,2024-11-22 11:00:00
516,2024-11-22 12:00:00
517,2024-11-22 13:00:00
518,2024-11-22 14:00:00
519,2024-11-22 15:00:00
520,2024-11-22 16:00:00
521,2024-11-22 17:00:00
522,2024-11-22 18:00:00
523,2024-11-22 19:00:00
524,2024-11-22 20:00:00
525,2024-11-22 21:00:00
526,2024-11-22 22:00:00
527,2024-11-22 23:00:00
528,2024-11-23 00:00:00
529,2024-11-23 01:00:00
530,2024-11-23 02:00:00
531,2024-11-23 03:00:00
532,2024-11-23 04:00:00
533,2024-11-23 05:00:00
534,2024-11-23 06:00:00
535,2024-11-23 07:00:00
536,2024-11-23 08:00:00
537,2024-11-23 09:00:00
538,2024-11-23 10:00:00
539,2024-11-23 11:00:00
540,2024-11-23 12:00:00
541,2024-11-23 13:00:00
542,2024-11-23 14:00:00
543,2024-11-23 15:00:00
544,2024-11-23 16:00:00
545,2024-11-23 17:00:00
546,2024-11-23 18:00:00
547,2024-11-23 19:00:00
548,2024-11-23 20:00:00
549,2024-11-23 21:00:00
550,2024-11-23 22:00:00
551,2024-11-23 23:00:00
552,2024-11-24 00:00:00
553,2024-11-24 01:00:00
554,2024-11-24 02:00:00
555,2024-11-24 03:00:00
556,2024-11-24 04:00:00
557,2024-11-24 05:00:00
558,2024-11-24 06:00:00
559,2024-11-24 07:00:00
560,2024-11-24 08:00:00
561,2024-11-24 09:00:00
562,2024-11-24 10:00:00
563,2024-11-24 11:00:00
564,2024-11-24 12:00:00
565,2024-11-24 13:00:00
566,2024-11-24 14:00:00
567,2024-11-24 15:00:00
568,2024-11-24 16:00:00
569,2024-11-24 17:00:00
570,2024-11-24 18:00:00
571,2024-11-24 19:00:00
572,2024-11-24 20:00:00
573,2024-11-24 21:00:00
574,2024-11-24 22:00:00
575,2024-11-24 23:00:00
576,2024-11-25 00:00:00
577,2024-11-25 01:00:00
578,2024-11-25 02:00:00
579,2024-11-25 03:00:00
580,2024-11-25 04:00:00
581,2024-11-25 05:00:00
582,2024-11-25 06:00:00
583,2024-11-25 07:00:00
584,2024-11-25 08:00:00
585,2024-11-25 09:00:00
586,2024-11-25 10:00:00
587,2024-11-25 11:00:00
588,2024-11-25 12:00:00
589,2024-11-25 13:00:00
590,2024-11-25 14:00:00
591,2024-11-25 15:00:00
592,2024-11-25 16:00:00
593,2024-11-25 17:00:00
594,2024-11-25 18:00:00
595,2024-11-25 19:00:00
596,2024-11-25 20:00:00
597,2024-11-25 21:00:00
598,2024-11-25 22:00:00
599,2024-11-25 23:00:00
600,2024-11-26 00:00:00
601,2024-11-26 01:00:00
602,2024-11-26 02:00:00
603,2024-11-26 03:00:00
604,2024-11-26 04:00:00
605,2024-11-26 05:00:00
606,2024-11-26 06:00:00
607,2024-11-26 07:00:00
608,2024-11-26 08:00:00
609,2024-11-26 09:00:00
610,2024-11-26 10:00:00
611,2024-11-26 11:00:00
612,2024-11-26 12:00:00
613,2024-11-26 13:00:00
614,2024-11-26 14:00:00
615,2024-11-26 15:00:00
616,2024-11-26 16:00:00
617,2024-11-26 17:00:00
618,2024-11-26 18:00:00
619,2024-11-26 19:00:00
620,2024-11-26 20:00:00
621,2024-11-26 21:00:00
622,2024-11-26 22:00:00
623,2024-11-26 23:00:00
624,2024-11-27 00:00:00
625,2024-11-27 01:00:00
626,2024-11-27 02:00:00
627,2024-11-27 03:00:00
628,2024-11-27 04:00:00
629,2024-11-27 05:00:00
630,2024-11-27 06:00:00
631,2024-11-27 07:00:00
632,2024-11-27 08:00:00
633,2024-11-27 09:00:00
634,2024-11-27 10:00:00
635,2024-11-27 11:00:00
636,2024-11-27 12:00:00
637,2024-11-27 13:00:00
638,2024-11-27 14:00:00
639,2024-11-27 15:00:00
640,2024-11-27 16:00:00
641,2024-11-27 17:00:00
642,2024-11-27 18:00:00
643,2024-11-27 19:00:00
644,2024-11-27 20:00:00
645,2024-11-27 21:00:00
646,2024-11-27 22:00:00
647,2024-11-27 23:00:00
648,2024-11-28 00:00:00
649,2024-11-28 01:00:00
650,2024-11-28 02:00:00
651,2024-11-28 03:00:00
652,2024-11-28 04:00:00
653,2024-11-28 05:00:00
654,2024-11-28 06:00:00
655,2024-11-28 07:00:00
656,2024-11-28 08:00:00
657,2024-11-28 09:00:00
658,2024-11-28 10:00:00
659,2024-11-28 11:00:00
660,2024-11-28 12:00:00
661,2024-11-28 13:00:00
662,2024-11-28 14:00:00
663,2024-11-28 15:00:00
664,2024-11-28 16:00:00
665,2024-11-28 17:00:00
666,2024-11-28 18:00:00
667,2024-11-28 19:00:00
668,2024-11-28 20:00:00
669,2024-11-28 21:00:00
670,2024-11-28 22:00:00
671,2024-11-28 23:00:00
672,2024-11-29 00:00:00
673,2024-11-29 01:00:00
674,2024-11-29 02:00:00
675,2024-11-29 03:00:00
676,2024-11-29 04:00:00
677,2024-11-29 05:00:00
678,2024-11-29 06:00:00
679,2024-11-29 07:00:00
680,2024-11-29 08:00:00
681,2024-11-29 09:00:00
682,2024-11-29 10:00:00
683,2024-11-29 11:00:00
684,2024-11-29 12:00:00
685,2024-11-29 13:00:00
686,2024-11-29 14:00:00
687,2024-11-29 15:00:00
688,2024-11-29 16:00:00
689,2024-11-29 17:00:00
690,2024-11-29 18:00:00
691,2024-11-29 19:00:00
692,2024-11-29 20:00:00
693,2024-11-29 21:00:00
694,2024-11-29 22:00:00
695,2024-11-29 23:00:00
696,2024-11-30 00:00:00
697,2024-11-30 01:00:00
698,2024-11-30 02:00:00
699,2024-11-30 03:00:00
700,2024-11-30 04:00:00
701,2024-11-30 05:00:00
702,2024-11-30 06:00:00
703,2024-11-30 07:00:00
704,2024-11-30 08:00:00
705,2024-11-30 09:00:00
706,2024-11-30 10:00:00
707,2024-11-30 11:00:00
708,2024-11-30 12:00:00
709,2024-11-30 13:00:00
710,2024-11-30 14:00:00
711,2024-11-30 15:00:00
712,2024-11-30 16:00:00
713,2024-11-30 17:00:00
714,2024-11-30 18:00:00
715,2024-11-30 19:00:00
716,2024-11-30 20:00:00
717,2024-11-30 21:00:00
718,2024-11-30 22:00:00
719,2024-11-30 23:00:00
